,chrom,pos,ref,alt,annotation_found,gene,protein,aa_change,hvar_pred,hvar_prob,hdiv_pred,hdiv_prob,patient_id,chr_short,2-factor score,5-factor score,Age,Albumin < 4,Alive Status,Baseline neutrophil to lymphocyte ratio,Bellmunt Score,Best Response RECIST 1.1,Best response mRECIST,ECOG >0,Hb < 10,Liver Mets,Number of chemo regimens for mestatic disease,Number of chemo regimens total,Number of systemic regimens total,Number of sytemic regimens for metastatic disease,OS in days,Ongoing Responder RECIST 1.1,PD-L1,PFS (RECIST 1.1) in days,PFS (mRECIST 1.1) in days,Pack Years,"Previous perioperative chemotherapy, with first progression ²12 months",Prior BCG,Sequence Path,Sex,Site of Primary Tumor,Smoking,Still on Treatment,TFLC  < 3mo,Time from Diagnosis with Metastatic Disease (months),Time on Treatment,Time since last chemotherapy,Timing of Sample (days prior to C1D1),Unnamed: 37,Unnamed: 38,Unnamed: 39,Unnamed: 40,Unnamed: 41,Unnamed: 42,Variant Histology,Visceral Mets,bam_id_dna_normal,bam_id_dna_tumor,bam_id_rna_tumor,benefit,deceased,hla_allele_list,is_benefit,is_benefit_os,is_deceased,is_late_deceased,is_progressed,is_progressed_or_deceased,os,pfs,progressed,progressed_or_deceased,sample_id_dna_normal,sample_id_dna_tumor,sample_id_rna_tumor
0,chr2,48023086,G,A,True,MSH6,P52701-2,E171K,benign,0.06,benign,0.065,2131,2,,1.0,61,0,Y,1.68,1.0,CR,CR,1,0,0,1,1,1,1,630,Y,IC2,560,560,0,N,N,TURBT,M,B,N,Y,0.0,7.0,630,98.0,227.0,,,,,,,N,0,50416ee62692420caea36f08f908c355,492e4b0554a543be909d32ea3a8223ff,gerald_H5NKVBBXX_7_TCCGGAGA-CCTATCCT,True,False,"['A*02:01', 'A*02:01', 'B*27:02', 'B*08:01', 'C*07:01', 'C*02:02']",True,True,False,True,False,False,630,560,False,False,2131_S14-11099 2_2 GU,M1502376,M1502421
1,chr10,112341725,G,A,True,SMC3,Q9UQE7,E198K,possibly damaging,0.765,probably damaging,0.969,2131,10,,1.0,61,0,Y,1.68,1.0,CR,CR,1,0,0,1,1,1,1,630,Y,IC2,560,560,0,N,N,TURBT,M,B,N,Y,0.0,7.0,630,98.0,227.0,,,,,,,N,0,50416ee62692420caea36f08f908c355,492e4b0554a543be909d32ea3a8223ff,gerald_H5NKVBBXX_7_TCCGGAGA-CCTATCCT,True,False,"['A*02:01', 'A*02:01', 'B*27:02', 'B*08:01', 'C*07:01', 'C*02:02']",True,True,False,True,False,False,630,560,False,False,2131_S14-11099 2_2 GU,M1502376,M1502421
2,chrX,135584986,G,C,True,HTATSF1,O43719,R207T,probably damaging,0.986,probably damaging,0.999,2131,X,,1.0,61,0,Y,1.68,1.0,CR,CR,1,0,0,1,1,1,1,630,Y,IC2,560,560,0,N,N,TURBT,M,B,N,Y,0.0,7.0,630,98.0,227.0,,,,,,,N,0,50416ee62692420caea36f08f908c355,492e4b0554a543be909d32ea3a8223ff,gerald_H5NKVBBXX_7_TCCGGAGA-CCTATCCT,True,False,"['A*02:01', 'A*02:01', 'B*27:02', 'B*08:01', 'C*07:01', 'C*02:02']",True,True,False,True,False,False,630,560,False,False,2131_S14-11099 2_2 GU,M1502376,M1502421
3,chr17,33329785,G,T,True,LIG3,E5KLB6,D925Y,benign,0.44,possibly damaging,0.924,2131,17,,1.0,61,0,Y,1.68,1.0,CR,CR,1,0,0,1,1,1,1,630,Y,IC2,560,560,0,N,N,TURBT,M,B,N,Y,0.0,7.0,630,98.0,227.0,,,,,,,N,0,50416ee62692420caea36f08f908c355,492e4b0554a543be909d32ea3a8223ff,gerald_H5NKVBBXX_7_TCCGGAGA-CCTATCCT,True,False,"['A*02:01', 'A*02:01', 'B*27:02', 'B*08:01', 'C*07:01', 'C*02:02']",True,True,False,True,False,False,630,560,False,False,2131_S14-11099 2_2 GU,M1502376,M1502421
4,chr3,37067192,C,T,True,MLH1,P40692,S368L,benign,0.011,benign,0.016,5122,3,,2.0,73,0,Y,5.0,2.0,PR,PR,1,0,1,0,1,1,0,700,Y,IC2,565,565,45,Y,Y,RC,M,B,Y,N,0.0,8.0,588,149.0,519.0,,,,,,,Y,1,825ce44ad842442581f90eff9d5e897c,b35be15c0e7e472abf1386a783d24d42,gerald_H5NKVBBXX_5_TCCGGAGA-ATAGAGGC,True,False,"['A*24:02', 'A*32:01', 'B*55:01', 'B*38:01', 'C*12:03', 'C*03:03']",True,True,False,True,False,False,700,565,False,False,"5122_S13-9876, 3_8L",M1502384,M1502440
5,chr2,152322420,C,G,True,RIF1,Q5UIP0-2,S2129C,benign,0.074,benign,0.205,5122,2,,2.0,73,0,Y,5.0,2.0,PR,PR,1,0,1,0,1,1,0,700,Y,IC2,565,565,45,Y,Y,RC,M,B,Y,N,0.0,8.0,588,149.0,519.0,,,,,,,Y,1,825ce44ad842442581f90eff9d5e897c,b35be15c0e7e472abf1386a783d24d42,gerald_H5NKVBBXX_5_TCCGGAGA-ATAGAGGC,True,False,"['A*24:02', 'A*32:01', 'B*55:01', 'B*38:01', 'C*12:03', 'C*03:03']",True,True,False,True,False,False,700,565,False,False,"5122_S13-9876, 3_8L",M1502384,M1502440
6,chr2,113326455,C,G,True,POLR1B,Q9H9Y6,R684G,probably damaging,1.0,probably damaging,1.0,5122,2,,2.0,73,0,Y,5.0,2.0,PR,PR,1,0,1,0,1,1,0,700,Y,IC2,565,565,45,Y,Y,RC,M,B,Y,N,0.0,8.0,588,149.0,519.0,,,,,,,Y,1,825ce44ad842442581f90eff9d5e897c,b35be15c0e7e472abf1386a783d24d42,gerald_H5NKVBBXX_5_TCCGGAGA-ATAGAGGC,True,False,"['A*24:02', 'A*32:01', 'B*55:01', 'B*38:01', 'C*12:03', 'C*03:03']",True,True,False,True,False,False,700,565,False,False,"5122_S13-9876, 3_8L",M1502384,M1502440
7,chr8,141521728,C,G,True,CHRAC1,Q9NRG0,L44V,benign,0.038,benign,0.103,0040,8,,3.0,71,0,N,2.22,2.0,Only scanned baseline,Only scanned at baseline,1,0,1,3,3,3,3,24,N,IC0,20,20,15,N,Y,TURBT,M,B,Y,N,1.0,22.0,0,87.0,18.0,,,,,,,N,1,41f31e9f603545c1bf8c7bed970707da,a77139d21e2241048b2fdcefb8c9c55c,gerald_H5NKVBBXX_6_TCCGCGAA-TATAGCCT,False,True,"['A*02:01', 'A*32:01', 'B*53:01', 'B*18:01', 'C*07:01', 'C*04:01']",False,False,True,False,True,True,24,20,True,True,0040_S14-38354,M1502385,M1502431
8,chr19,18966045,G,A,True,UPF1,Q92900-2,G513D,benign,0.071,benign,0.086,0040,19,,3.0,71,0,N,2.22,2.0,Only scanned baseline,Only scanned at baseline,1,0,1,3,3,3,3,24,N,IC0,20,20,15,N,Y,TURBT,M,B,Y,N,1.0,22.0,0,87.0,18.0,,,,,,,N,1,41f31e9f603545c1bf8c7bed970707da,a77139d21e2241048b2fdcefb8c9c55c,gerald_H5NKVBBXX_6_TCCGCGAA-TATAGCCT,False,True,"['A*02:01', 'A*32:01', 'B*53:01', 'B*18:01', 'C*07:01', 'C*04:01']",False,False,True,False,True,True,24,20,True,True,0040_S14-38354,M1502385,M1502431
9,chr9,106880654,G,C,True,SMC2,Q2KQ72,G665A,probably damaging,1.0,probably damaging,1.0,0040,9,,3.0,71,0,N,2.22,2.0,Only scanned baseline,Only scanned at baseline,1,0,1,3,3,3,3,24,N,IC0,20,20,15,N,Y,TURBT,M,B,Y,N,1.0,22.0,0,87.0,18.0,,,,,,,N,1,41f31e9f603545c1bf8c7bed970707da,a77139d21e2241048b2fdcefb8c9c55c,gerald_H5NKVBBXX_6_TCCGCGAA-TATAGCCT,False,True,"['A*02:01', 'A*32:01', 'B*53:01', 'B*18:01', 'C*07:01', 'C*04:01']",False,False,True,False,True,True,24,20,True,True,0040_S14-38354,M1502385,M1502431
10,chr6,88317444,G,C,True,ORC3L,Q9UBD5-2,D161H,probably damaging,0.965,probably damaging,1.0,0040,6,,3.0,71,0,N,2.22,2.0,Only scanned baseline,Only scanned at baseline,1,0,1,3,3,3,3,24,N,IC0,20,20,15,N,Y,TURBT,M,B,Y,N,1.0,22.0,0,87.0,18.0,,,,,,,N,1,41f31e9f603545c1bf8c7bed970707da,a77139d21e2241048b2fdcefb8c9c55c,gerald_H5NKVBBXX_6_TCCGCGAA-TATAGCCT,False,True,"['A*02:01', 'A*32:01', 'B*53:01', 'B*18:01', 'C*07:01', 'C*04:01']",False,False,True,False,True,True,24,20,True,True,0040_S14-38354,M1502385,M1502431
11,chr1,76345769,C,T,True,MSH4,O15457,S571L,possibly damaging,0.543,possibly damaging,0.775,1849,1,,3.0,69,1,N,6.67,2.0,SD,SD,1,1,0,2,3,4,3,468,N,IC2,265,265,100,N,N,RC,M,B,Y,N,0.0,34.0,261,315.0,1415.0,,,,,,,Y,1,86571f2050fa4a9bb0d57abbda04f200,42a2666f754a41d59af5ce74581eac3d,gerald_H5NKVBBXX_7_CGCTCATT-TATAGCCT,True,True,"['A*11:01', 'A*01:01', 'B*50:01', 'B*35:25', 'C*04:01', 'C*06:02']",True,True,True,True,True,True,468,265,True,True,1849_S10-56583 6_7L,M1502390,M1502435
12,chr8,30999012,G,A,True,WRN,Q14191,E1012K,possibly damaging,0.65,possibly damaging,0.71,1849,8,,3.0,69,1,N,6.67,2.0,SD,SD,1,1,0,2,3,4,3,468,N,IC2,265,265,100,N,N,RC,M,B,Y,N,0.0,34.0,261,315.0,1415.0,,,,,,,Y,1,86571f2050fa4a9bb0d57abbda04f200,42a2666f754a41d59af5ce74581eac3d,gerald_H5NKVBBXX_7_CGCTCATT-TATAGCCT,True,True,"['A*11:01', 'A*01:01', 'B*50:01', 'B*35:25', 'C*04:01', 'C*06:02']",True,True,True,True,True,True,468,265,True,True,1849_S10-56583 6_7L,M1502390,M1502435
13,chr19,49510391,G,A,True,RUVBL2,B3KNL2,G94S,probably damaging,0.997,probably damaging,1.0,2849,19,,1.0,59,0,N,9.67,1.0,PD,PD,1,0,0,1,1,1,1,586,N,IC1,75,75,10,N,N,Prostate Bx,M,B,Y,N,0.0,2.0,301,317.0,621.0,,,,,,,Y,1,ffaac7dd973042b1ae868ccff9e21d94,065b7b20a9714d289eff785ff3979532,gerald_H5NKVBBXX_7_CTGAAGCT-TATAGCCT,False,True,"['A*02:01', 'A*03:01', 'B*07:02', 'B*27:05', 'C*07:02', 'C*01:02']",False,True,True,True,True,True,586,75,True,True,2849_S12-59715-1,M1502380,M1502427
14,chr6,43555016,G,A,True,POLH,Q9Y253,E94K,benign,0.405,possibly damaging,0.756,2849,6,,1.0,59,0,N,9.67,1.0,PD,PD,1,0,0,1,1,1,1,586,N,IC1,75,75,10,N,N,Prostate Bx,M,B,Y,N,0.0,2.0,301,317.0,621.0,,,,,,,Y,1,ffaac7dd973042b1ae868ccff9e21d94,065b7b20a9714d289eff785ff3979532,gerald_H5NKVBBXX_7_CTGAAGCT-TATAGCCT,False,True,"['A*02:01', 'A*03:01', 'B*07:02', 'B*27:05', 'C*07:02', 'C*01:02']",False,True,True,True,True,True,586,75,True,True,2849_S12-59715-1,M1502380,M1502427
15,chr8,11640828,G,A,True,NEIL2,Q969S2,R203Q,probably damaging,0.991,probably damaging,1.0,2849,8,,1.0,59,0,N,9.67,1.0,PD,PD,1,0,0,1,1,1,1,586,N,IC1,75,75,10,N,N,Prostate Bx,M,B,Y,N,0.0,2.0,301,317.0,621.0,,,,,,,Y,1,ffaac7dd973042b1ae868ccff9e21d94,065b7b20a9714d289eff785ff3979532,gerald_H5NKVBBXX_7_CTGAAGCT-TATAGCCT,False,True,"['A*02:01', 'A*03:01', 'B*07:02', 'B*27:05', 'C*07:02', 'C*01:02']",False,True,True,True,True,True,586,75,True,True,2849_S12-59715-1,M1502380,M1502427
16,chr11,67163284,G,A,True,RAD9A,Q99638,E183K,probably damaging,0.998,probably damaging,1.0,2849,11,,1.0,59,0,N,9.67,1.0,PD,PD,1,0,0,1,1,1,1,586,N,IC1,75,75,10,N,N,Prostate Bx,M,B,Y,N,0.0,2.0,301,317.0,621.0,,,,,,,Y,1,ffaac7dd973042b1ae868ccff9e21d94,065b7b20a9714d289eff785ff3979532,gerald_H5NKVBBXX_7_CTGAAGCT-TATAGCCT,False,True,"['A*02:01', 'A*03:01', 'B*07:02', 'B*27:05', 'C*07:02', 'C*01:02']",False,True,True,True,True,True,586,75,True,True,2849_S12-59715-1,M1502380,M1502427
17,chr19,18965421,G,A,True,UPF1,Q92900-2,E390K,possibly damaging,0.753,possibly damaging,0.942,6800,19,1.0,,74,1,Y,4.09,,SD,SD,1,0,0,0,0,0,0,651,Y,IC1,650,650,60,N,Y,TURBT,M,B,Y,Y,,4.0,651,,710.0,,,,,,,Y,0,87e765c9b4de44a4a561d22365f5885a,949a7804465b4059b2155849451a56de,gerald_H5NKVBBXX_4_CTGAAGCT-ATAGAGGC,True,False,"['A*69:01', 'A*03:01', 'B*35:01', 'B*14:02', 'C*04:01', 'C*08:02']",True,True,False,True,False,False,651,650,False,False,6800_OSH: TS-12-14437,M1502389,M1502441
18,chr12,4655502,G,C,True,RAD51AP1,Q96B01-2,Q79H,probably damaging,0.939,probably damaging,0.999,2937,12,,4.0,73,1,N,4.06,2.0,SD,SD,1,0,1,2,3,3,2,44,N,IC2,37,37,32,N,Y,TURBT,M,B,Y,N,1.0,17.0,21,77.0,3344.0,,,,,,,N,1,ad1e7c2ce3b54b498b101546688526f1,15e69e4afe2b4165b830216ec742f9e8,gerald_H5NKVBBXX_4_TAATGCGC-TATAGCCT,False,True,"['A*32:01', 'A*23:01', 'B*35:03', 'B*18:01', 'C*12:03', 'C*04:01']",False,False,True,False,True,True,44,37,True,True,2937_S05-29839 1_1,M1502373,M1502418
19,chr1,3624149,A,C,True,TP73,O15350,M75L,benign,0.0,benign,0.0,1249,1,,4.0,78,0,N,1.53,3.0,Only scanned at baseline,Only scanned at baseline,1,1,1,1,1,1,1,54,N,IC2,41,41,0,N,N,RC,F,B,N,N,1.0,5.0,31,26.0,141.0,,,,,,,N,1,c6da2e21f5574acd9118e5866147bf63,dd8bd791bc9e4632a326e61531377627,gerald_H5NKVBBXX_5_TCCGGAGA-TATAGCCT,False,True,"['A*03:01', 'A*68:01', 'B*35:01', 'B*44:02', 'C*05:01', 'C*04:01']",False,False,True,False,True,True,54,41,True,True,1249_S14-22404,M1502367,M1502412
20,chr11,68673674,C,T,True,IGHMBP2,P38935,A75V,benign,0.003,benign,0.021,5037,11,,2.0,60,0,Y,4.1,1.0,CR,CR,1,0,0,2,2,2,2,610,Y,IC2,561,561,0,N,N,NephroU,M,UT,N,Y,1.0,27.0,610,70.0,943.0,,,,,,,Y,0,cb5a0577237548c387c7323cedc1d0d3,976af08f8e4f4ab280c7c0e08778df4a,gerald_H5NKVBBXX_5_ATTACTCG-ATAGAGGC,True,False,"['A*26:01', 'A*02:02', 'B*38:01', 'B*40:02', 'C*12:03', 'C*02:02']",True,True,False,True,False,False,610,561,False,False,5037_S12-16630 1_2 TSF,M1502391,M1502436
21,chr11,108205807,G,A,True,ATM,Q13315,D2708N,probably damaging,1.0,probably damaging,1.0,5037,11,,2.0,60,0,Y,4.1,1.0,CR,CR,1,0,0,2,2,2,2,610,Y,IC2,561,561,0,N,N,NephroU,M,UT,N,Y,1.0,27.0,610,70.0,943.0,,,,,,,Y,0,cb5a0577237548c387c7323cedc1d0d3,976af08f8e4f4ab280c7c0e08778df4a,gerald_H5NKVBBXX_5_ATTACTCG-ATAGAGGC,True,False,"['A*26:01', 'A*02:02', 'B*38:01', 'B*40:02', 'C*12:03', 'C*02:02']",True,True,False,True,False,False,610,561,False,False,5037_S12-16630 1_2 TSF,M1502391,M1502436
22,chr7,6777016,C,T,True,PMS2CL,Q68D20,T99M,benign,0.001,benign,0.048,5037,7,,2.0,60,0,Y,4.1,1.0,CR,CR,1,0,0,2,2,2,2,610,Y,IC2,561,561,0,N,N,NephroU,M,UT,N,Y,1.0,27.0,610,70.0,943.0,,,,,,,Y,0,cb5a0577237548c387c7323cedc1d0d3,976af08f8e4f4ab280c7c0e08778df4a,gerald_H5NKVBBXX_5_ATTACTCG-ATAGAGGC,True,False,"['A*26:01', 'A*02:02', 'B*38:01', 'B*40:02', 'C*12:03', 'C*02:02']",True,True,False,True,False,False,610,561,False,False,5037_S12-16630 1_2 TSF,M1502391,M1502436
23,chrX,24745098,C,A,True,POLA1,P09884,H475N,possibly damaging,0.88,probably damaging,0.957,0471,X,,1.0,68,0,N,4.25,1.0,PD,SD,1,0,0,0,1,2,1,329,N,IC0,61,187,0,N,N,RC,M,B,N,N,0.0,5.0,210,416.0,601.0,,,,,,,N,1,b7784df09aca4eaa9c21ac12385d816a,fad31e86c1ec41f3895fddbc7d9226ce,gerald_H5NKVBBXX_6_AGCGATAG-TATAGCCT,False,True,"['A*02:01', 'A*68:01', 'B*35:03', 'B*51:01', 'C*14:02', 'C*04:01']",False,False,True,True,True,True,329,61,True,True,0471_SYS12-10161,M1502382,M1502429
24,chr3,10076860,G,A,True,FANCD2,Q9BXW9-4,M127I,benign,0.002,benign,0.0,2389,3,1.0,,66,0,Y,3.13,,CR,CR,1,0,0,0,0,0,0,651,Y,IC2,646,646,10,N,N,NephroU,M,UT,Y,Y,,1.0,651,,176.0,,,,,,,N,0,a01c6d02c207434283de99921fafd3a8,9ef020c408684a5e90ffbec62001a72f,gerald_H5NKVBBXX_7_GAATTCGT-TATAGCCT,True,False,"['A*24:02', 'A*01:01', 'B*38:01', 'B*40:01', 'C*12:03', 'C*03:04']",True,True,False,True,False,False,651,646,False,False,2389_S14-26091,M1502371,M1502416
